gbif_id,reject_reasons,quality_flags,dataset_key,source_channel,license_code,taxon_rank,species_key,occurrence_status,latitude,longitude,coordinate_uncertainty_m,date_start,date_end,date_precision_days,commune_insee,source_file
3842195571,Q04_incertitude_raisonnable,,06392597-30c1-401d-9af5-fb98dc4e0e3d,Autre inventaire,CC_BY_4_0,SPECIES,1311477,PRESENT,47.26749,-0.08298,5882.0,2007-08-01,2007-08-01,1.0,49328,gbif_20260923T091718Z/page_year-2007_offset-000000.json
2473182551,Q04_incertitude_raisonnable,,9fd6c3da-88f7-4df7-9a3f-3f3f9c703998,Inventaire national Frelon (MNHN),CC_BY_4_0,SUBSPECIES,1311477,PRESENT,46.66918,-1.04413,6462.0,2011-08-17,2011-08-17,1.0,85051,gbif_20260923T091718Z/page_year-2011_offset-000000.json
2473182552,Q04_incertitude_raisonnable,,9fd6c3da-88f7-4df7-9a3f-3f3f9c703998,Inventaire national Frelon (MNHN),CC_BY_4_0,SUBSPECIES,1311477,PRESENT,46.37419,-1.13407,6089.0,2011-08-22,2011-08-22,1.0,85049,gbif_20260923T091718Z/page_year-2011_offset-000000.json
2473219752,Q04_incertitude_raisonnable,,9fd6c3da-88f7-4df7-9a3f-3f3f9c703998,Inventaire national Frelon (MNHN),CC_BY_4_0,SUBSPECIES,1311477,PRESENT,46.66918,-1.04413,6462.0,2011-08-22,2011-08-22,1.0,85051,gbif_20260923T091718Z/page_year-2011_offset-000000.json
2475706183,Q04_incertitude_raisonnable,,54facf62-bf0c-43e7-9972-4fdc407fa6c5,Autre inventaire,CC_BY_4_0,SPECIES,1311477,PRESENT,47.23204,-1.54822,6394.0,2011-09-21,2011-09-21,1.0,44109,gbif_20260923T091718Z/page_year-2011_offset-000000.json
2475414921,Q04_incertitude_raisonnable,,54facf62-bf0c-43e7-9972-4fdc407fa6c5,Autre inventaire,CC_BY_4_0,SPECIES,1311477,PRESENT,47.04564,-0.87754,7434.0,2012-10-07,2012-10-07,1.0,49099,gbif_20260923T091718Z/page_year-2012_offset-000000.json
2475415900,Q04_incertitude_raisonnable,,54facf62-bf0c-43e7-9972-4fdc407fa6c5,Autre inventaire,CC_BY_4_0,SPECIES,1311477,PRESENT,47.04564,-0.87754,7434.0,2012-10-07,2012-10-07,1.0,49099,gbif_20260923T091718Z/page_year-2012_offset-000000.json
2475607926,Q04_incertitude_raisonnable,,54facf62-bf0c-43e7-9972-4fdc407fa6c5,Autre inventaire,CC_BY_4_0,SPECIES,1311477,PRESENT,47.04564,-0.87754,7434.0,2012-10-07,2012-10-07,1.0,49099,gbif_20260923T091718Z/page_year-2012_offset-000000.json
2475415749,Q04_incertitude_raisonnable,,54facf62-bf0c-43e7-9972-4fdc407fa6c5,Autre inventaire,CC_BY_4_0,SPECIES,1311477,PRESENT,47.23204,-1.54822,6394.0,2014-06-19,2014-06-19,1.0,44109,gbif_20260923T091718Z/page_year-2014_offset-000000.json
2475411743,Q04_incertitude_raisonnable,,54facf62-bf0c-43e7-9972-4fdc407fa6c5,Autre inventaire,CC_BY_4_0,SPECIES,1311477,PRESENT,47.23204,-1.54822,6394.0,2014-09-10,2014-09-10,1.0,44109,gbif_20260923T091718Z/page_year-2014_offset-000000.json
2475413744,Q04_incertitude_raisonnable,,54facf62-bf0c-43e7-9972-4fdc407fa6c5,Autre inventaire,CC_BY_4_0,SPECIES,1311477,PRESENT,47.23204,-1.54822,6394.0,2014-09-10,2014-09-10,1.0,44109,gbif_20260923T091718Z/page_year-2014_offset-000000.json
2475415729,Q04_incertitude_raisonnable,,54facf62-bf0c-43e7-9972-4fdc407fa6c5,Autre inventaire,CC_BY_4_0,SPECIES,1311477,PRESENT,47.23204,-1.54822,6394.0,2014-09-10,2014-09-10,1.0,44109,gbif_20260923T091718Z/page_year-2014_offset-000000.json
2475602729,Q04_incertitude_raisonnable,,54facf62-bf0c-43e7-9972-4fdc407fa6c5,Autre inventaire,CC_BY_4_0,SPECIES,1311477,PRESENT,47.23204,-1.54822,6394.0,2014-09-10,2014-09-10,1.0,44109,gbif_20260923T091718Z/page_year-2014_offset-000000.json
2475607756,Q04_incertitude_raisonnable,,54facf62-bf0c-43e7-9972-4fdc407fa6c5,Autre inventaire,CC_BY_4_0,SPECIES,1311477,PRESENT,47.23204,-1.54822,6394.0,2014-09-10,2014-09-10,1.0,44109,gbif_20260923T091718Z/page_year-2014_offset-000000.json
2475608743,Q04_incertitude_raisonnable,,54facf62-bf0c-43e7-9972-4fdc407fa6c5,Autre inventaire,CC_BY_4_0,SPECIES,1311477,PRESENT,47.23204,-1.54822,6394.0,2014-09-10,2014-09-10,1.0,44109,gbif_20260923T091718Z/page_year-2014_offset-000000.json
2510654643,Q04_incertitude_raisonnable,,a1077e55-120b-4c31-9a6b-ca7c210f5b04,Inventaire national Frelon (MNHN),CC_BY_4_0,SUBSPECIES,1311477,PRESENT,46.67507,-1.29764,70168.0,2016-10-01,2016-10-01,1.0,85046,gbif_20260923T091718Z/page_year-2016_offset-000000.json
3861487287,Q04_incertitude_raisonnable,,23bab45d-e5c8-43fd-8fc5-6a8668becd16,Autre inventaire,CC_BY_4_0,SPECIES,1311477,PRESENT,47.38972,-0.55963,60493.0,2016-12-31,2016-12-31,1.0,49223,gbif_20260923T091718Z/page_year-2016_offset-000000.json
3861541029,Q04_incertitude_raisonnable,,23bab45d-e5c8-43fd-8fc5-6a8668becd16,Autre inventaire,CC_BY_4_0,SUBSPECIES,1311477,PRESENT,47.38972,-0.55963,60493.0,2016-12-31,2016-12-31,1.0,49223,gbif_20260923T091718Z/page_year-2016_offset-000000.json
3861563233,Q04_incertitude_raisonnable,,23bab45d-e5c8-43fd-8fc5-6a8668becd16,Autre inventaire,CC_BY_4_0,SPECIES,1311477,PRESENT,46.67507,-1.29764,70168.0,2016-12-31,2016-12-31,1.0,85046,gbif_20260923T091718Z/page_year-2016_offset-000000.json
3861565405,Q04_incertitude_raisonnable,,23bab45d-e5c8-43fd-8fc5-6a8668becd16,Autre inventaire,CC_BY_4_0,SUBSPECIES,1311477,PRESENT,46.67507,-1.29764,70168.0,2016-12-31,2016-12-31,1.0,85046,gbif_20260923T091718Z/page_year-2016_offset-000000.json
4149398276,Q04_incertitude_raisonnable,,a6add446-647e-4b58-ace3-945d8685e56c,Autre inventaire,CC_BY_4_0,SPECIES,1311477,PRESENT,47.93156,0.37176,7092.0,2017-03-30,2017-03-30,1.0,72231,gbif_20260923T091718Z/page_year-2017_offset-000000.json
2510654630,Q04_incertitude_raisonnable,,a1077e55-120b-4c31-9a6b-ca7c210f5b04,Inventaire national Frelon (MNHN),CC_BY_4_0,SUBSPECIES,1311477,PRESENT,47.29093,-2.35321,5006.0,2017-04-26,2017-04-26,1.0,44055,gbif_20260923T091718Z/page_year-2017_offset-000000.json
2510656627,Q04_incertitude_raisonnable,,a1077e55-120b-4c31-9a6b-ca7c210f5b04,Inventaire national Frelon (MNHN),CC_BY_4_0,SUBSPECIES,1311477,PRESENT,47.29093,-2.35321,5006.0,2017-04-18,2017-04-18,1.0,44055,gbif_20260923T091718Z/page_year-2017_offset-000000.json
2510656631,Q04_incertitude_raisonnable,,a1077e55-120b-4c31-9a6b-ca7c210f5b04,Inventaire national Frelon (MNHN),CC_BY_4_0,SUBSPECIES,1311477,PRESENT,47.29093,-2.35321,5006.0,2017-04-03,2017-04-03,1.0,44055,gbif_20260923T091718Z/page_year-2017_offset-000000.json
2510656633,Q04_incertitude_raisonnable,,a1077e55-120b-4c31-9a6b-ca7c210f5b04,Inventaire national Frelon (MNHN),CC_BY_4_0,SUBSPECIES,1311477,PRESENT,47.29093,-2.35321,5006.0,2017-04-24,2017-04-24,1.0,44055,gbif_20260923T091718Z/page_year-2017_offset-000000.json
2510657625,Q04_incertitude_raisonnable,,a1077e55-120b-4c31-9a6b-ca7c210f5b04,Inventaire national Frelon (MNHN),CC_BY_4_0,SUBSPECIES,1311477,PRESENT,47.29093,-2.35321,5006.0,2017-04-24,2017-04-24,1.0,44055,gbif_20260923T091718Z/page_year-2017_offset-000000.json
2510654625,Q04_incertitude_raisonnable,,a1077e55-120b-4c31-9a6b-ca7c210f5b04,Inventaire national Frelon (MNHN),CC_BY_4_0,SUBSPECIES,1311477,PRESENT,47.29093,-2.35321,5006.0,2017-05-03,2017-05-03,1.0,44055,gbif_20260923T091718Z/page_year-2017_offset-000000.json
2510654627,Q04_incertitude_raisonnable,,a1077e55-120b-4c31-9a6b-ca7c210f5b04,Inventaire national Frelon (MNHN),CC_BY_4_0,SUBSPECIES,1311477,PRESENT,47.29093,-2.35321,5006.0,2017-05-24,2017-05-24,1.0,44055,gbif_20260923T091718Z/page_year-2017_offset-000000.json
2510654628,Q04_incertitude_raisonnable,,a1077e55-120b-4c31-9a6b-ca7c210f5b04,Inventaire national Frelon (MNHN),CC_BY_4_0,SUBSPECIES,1311477,PRESENT,47.29093,-2.35321,5006.0,2017-05-24,2017-05-24,1.0,44055,gbif_20260923T091718Z/page_year-2017_offset-000000.json
2510654629,Q04_incertitude_raisonnable,,a1077e55-120b-4c31-9a6b-ca7c210f5b04,Inventaire national Frelon (MNHN),CC_BY_4_0,SUBSPECIES,1311477,PRESENT,47.29093,-2.35321,5006.0,2017-05-22,2017-05-22,1.0,44055,gbif_20260923T091718Z/page_year-2017_offset-000000.json
2510655620,Q04_incertitude_raisonnable,,a1077e55-120b-4c31-9a6b-ca7c210f5b04,Inventaire national Frelon (MNHN),CC_BY_4_0,SUBSPECIES,1311477,PRESENT,47.29093,-2.35321,5006.0,2017-05-13,2017-05-13,1.0,44055,gbif_20260923T091718Z/page_year-2017_offset-000000.json
2510657622,Q04_incertitude_raisonnable,,a1077e55-120b-4c31-9a6b-ca7c210f5b04,Inventaire national Frelon (MNHN),CC_BY_4_0,SUBSPECIES,1311477,PRESENT,47.29093,-2.35321,5006.0,2017-05-22,2017-05-22,1.0,44055,gbif_20260923T091718Z/page_year-2017_offset-000000.json
2510657623,Q04_incertitude_raisonnable,,a1077e55-120b-4c31-9a6b-ca7c210f5b04,Inventaire national Frelon (MNHN),CC_BY_4_0,SUBSPECIES,1311477,PRESENT,47.29093,-2.35321,5006.0,2017-05-29,2017-05-29,1.0,44055,gbif_20260923T091718Z/page_year-2017_offset-000000.json
2510657624,Q04_incertitude_raisonnable,,a1077e55-120b-4c31-9a6b-ca7c210f5b04,Inventaire national Frelon (MNHN),CC_BY_4_0,SUBSPECIES,1311477,PRESENT,47.29093,-2.35321,5006.0,2017-05-17,2017-05-17,1.0,44055,gbif_20260923T091718Z/page_year-2017_offset-000000.json
2510654626,Q04_incertitude_raisonnable,,a1077e55-120b-4c31-9a6b-ca7c210f5b04,Inventaire national Frelon (MNHN),CC_BY_4_0,SUBSPECIES,1311477,PRESENT,47.29093,-2.35321,5006.0,2017-06-21,2017-06-21,1.0,44055,gbif_20260923T091718Z/page_year-2017_offset-000000.json
2510655617,Q04_incertitude_raisonnable,,a1077e55-120b-4c31-9a6b-ca7c210f5b04,Inventaire national Frelon (MNHN),CC_BY_4_0,SUBSPECIES,1311477,PRESENT,47.29093,-2.35321,5006.0,2017-06-06,2017-06-06,1.0,44055,gbif_20260923T091718Z/page_year-2017_offset-000000.json
2510655618,Q04_incertitude_raisonnable,,a1077e55-120b-4c31-9a6b-ca7c210f5b04,Inventaire national Frelon (MNHN),CC_BY_4_0,SUBSPECIES,1311477,PRESENT,47.29093,-2.35321,5006.0,2017-06-02,2017-06-02,1.0,44055,gbif_20260923T091718Z/page_year-2017_offset-000000.json
2510655619,Q04_incertitude_raisonnable,,a1077e55-120b-4c31-9a6b-ca7c210f5b04,Inventaire national Frelon (MNHN),CC_BY_4_0,SUBSPECIES,1311477,PRESENT,47.29093,-2.35321,5006.0,2017-06-12,2017-06-12,1.0,44055,gbif_20260923T091718Z/page_year-2017_offset-000000.json
2510656628,Q04_incertitude_raisonnable,,a1077e55-120b-4c31-9a6b-ca7c210f5b04,Inventaire national Frelon (MNHN),CC_BY_4_0,SUBSPECIES,1311477,PRESENT,47.29093,-2.35321,5006.0,2017-06-23,2017-06-23,1.0,44055,gbif_20260923T091718Z/page_year-2017_offset-000000.json
2510656629,Q04_incertitude_raisonnable,,a1077e55-120b-4c31-9a6b-ca7c210f5b04,Inventaire national Frelon (MNHN),CC_BY_4_0,SUBSPECIES,1311477,PRESENT,47.29093,-2.35321,5006.0,2017-06-22,2017-06-22,1.0,44055,gbif_20260923T091718Z/page_year-2017_offset-000000.json
2510656630,Q04_incertitude_raisonnable,,a1077e55-120b-4c31-9a6b-ca7c210f5b04,Inventaire national Frelon (MNHN),CC_BY_4_0,SUBSPECIES,1311477,PRESENT,47.29093,-2.35321,5006.0,2017-06-21,2017-06-21,1.0,44055,gbif_20260923T091718Z/page_year-2017_offset-000000.json
2510656632,Q04_incertitude_raisonnable,,a1077e55-120b-4c31-9a6b-ca7c210f5b04,Inventaire national Frelon (MNHN),CC_BY_4_0,SUBSPECIES,1311477,PRESENT,47.29093,-2.35321,5006.0,2017-06-27,2017-06-27,1.0,44055,gbif_20260923T091718Z/page_year-2017_offset-000000.json
2510656634,Q04_incertitude_raisonnable,,a1077e55-120b-4c31-9a6b-ca7c210f5b04,Inventaire national Frelon (MNHN),CC_BY_4_0,SUBSPECIES,1311477,PRESENT,47.29093,-2.35321,5006.0,2017-06-30,2017-06-30,1.0,44055,gbif_20260923T091718Z/page_year-2017_offset-000000.json
3939553412,Q02_dans_zone_etude,Q08_incertitude_connue,84747b92-cced-4a7c-86f0-8a228869fb68,LPO,CC_BY_4_0,SPECIES,1311477,PRESENT,46.34595,-1.36614,,2018-02-11,2018-02-11,1.0,,gbif_20260923T091718Z/page_year-2018_offset-000000.json
2510654808,Q04_incertitude_raisonnable,,a1077e55-120b-4c31-9a6b-ca7c210f5b04,Inventaire national Frelon (MNHN),CC_BY_4_0,SUBSPECIES,1311477,PRESENT,47.23204,-1.54822,6394.0,2018-04-28,2018-04-28,1.0,44109,gbif_20260923T091718Z/page_year-2018_offset-000000.json
2510655799,Q04_incertitude_raisonnable,,a1077e55-120b-4c31-9a6b-ca7c210f5b04,Inventaire national Frelon (MNHN),CC_BY_4_0,SUBSPECIES,1311477,PRESENT,48.09066,-0.63223,5138.0,2018-04-21,2018-04-21,1.0,53007,gbif_20260923T091718Z/page_year-2018_offset-000000.json
2510656792,Q04_incertitude_raisonnable,,a1077e55-120b-4c31-9a6b-ca7c210f5b04,Inventaire national Frelon (MNHN),CC_BY_4_0,SUBSPECIES,1311477,PRESENT,47.28029,-2.25114,5375.0,2018-04-17,2018-04-17,1.0,44184,gbif_20260923T091718Z/page_year-2018_offset-000000.json
4150041302,Q04_incertitude_raisonnable,,d8b94856-04b0-443d-8c98-f2dd7c5abe9f,Autre inventaire,CC_BY_4_0,SPECIES,1311477,PRESENT,47.41617,-1.96737,5744.0,2018-04-26,2018-04-26,1.0,44025,gbif_20260923T091718Z/page_year-2018_offset-000000.json
4150041397,Q04_incertitude_raisonnable,,d8b94856-04b0-443d-8c98-f2dd7c5abe9f,Autre inventaire,CC_BY_4_0,SPECIES,1311477,PRESENT,47.41617,-1.96737,5744.0,2018-04-26,2018-04-26,1.0,44025,gbif_20260923T091718Z/page_year-2018_offset-000000.json
2510655829,Q04_incertitude_raisonnable,,a1077e55-120b-4c31-9a6b-ca7c210f5b04,Inventaire national Frelon (MNHN),CC_BY_4_0,SUBSPECIES,1311477,PRESENT,48.13796,-0.12028,5513.0,2018-05-19,2018-05-19,1.0,72256,gbif_20260923T091718Z/page_year-2018_offset-000000.json
2510655831,Q04_incertitude_raisonnable,,a1077e55-120b-4c31-9a6b-ca7c210f5b04,Inventaire national Frelon (MNHN),CC_BY_4_0,SUBSPECIES,1311477,PRESENT,47.70394,-0.55073,8917.0,2018-05-21,2018-05-21,1.0,49080,gbif_20260923T091718Z/page_year-2018_offset-000000.json
2510655689,Q04_incertitude_raisonnable,,a1077e55-120b-4c31-9a6b-ca7c210f5b04,Inventaire national Frelon (MNHN),CC_BY_4_0,SUBSPECIES,1311477,PRESENT,47.23204,-1.54822,6394.0,2018-07-16,2018-07-16,1.0,44109,gbif_20260923T091718Z/page_year-2018_offset-000000.json
2473238043,Q02_dans_zone_etude,,9fd6c3da-88f7-4df7-9a3f-3f3f9c703998,Inventaire national Frelon (MNHN),CC_BY_4_0,SUBSPECIES,1311477,PRESENT,47.2141,0.06707,3000.0,2018-09-22,2018-09-22,1.0,,gbif_20260923T091718Z/page_year-2018_offset-000000.json
2510654673,Q04_incertitude_raisonnable,,a1077e55-120b-4c31-9a6b-ca7c210f5b04,Inventaire national Frelon (MNHN),CC_BY_4_0,SUBSPECIES,1311477,PRESENT,47.6893,-0.06468,6108.0,2018-09-03,2018-09-03,1.0,72154,gbif_20260923T091718Z/page_year-2018_offset-000000.json
2510654742,Q04_incertitude_raisonnable,,a1077e55-120b-4c31-9a6b-ca7c210f5b04,Inventaire national Frelon (MNHN),CC_BY_4_0,SUBSPECIES,1311477,PRESENT,47.06026,-1.65682,7415.0,2018-09-04,2018-09-04,1.0,44188,gbif_20260923T091718Z/page_year-2018_offset-000000.json
2510654750,Q04_incertitude_raisonnable,,a1077e55-120b-4c31-9a6b-ca7c210f5b04,Inventaire national Frelon (MNHN),CC_BY_4_0,SUBSPECIES,1311477,PRESENT,46.67507,-1.29764,70168.0,2018-09-07,2018-09-07,1.0,85046,gbif_20260923T091718Z/page_year-2018_offset-000000.json
2510655731,Q04_incertitude_raisonnable,,a1077e55-120b-4c31-9a6b-ca7c210f5b04,Inventaire national Frelon (MNHN),CC_BY_4_0,SUBSPECIES,1311477,PRESENT,46.67507,-1.29764,70168.0,2018-09-01,2018-09-01,1.0,85046,gbif_20260923T091718Z/page_year-2018_offset-000000.json
2510655741,Q04_incertitude_raisonnable,,a1077e55-120b-4c31-9a6b-ca7c210f5b04,Inventaire national Frelon (MNHN),CC_BY_4_0,SUBSPECIES,1311477,PRESENT,46.67507,-1.29764,70168.0,2018-09-05,2018-09-05,1.0,85046,gbif_20260923T091718Z/page_year-2018_offset-000000.json
2510655766,Q04_incertitude_raisonnable,,a1077e55-120b-4c31-9a6b-ca7c210f5b04,Inventaire national Frelon (MNHN),CC_BY_4_0,SUBSPECIES,1311477,PRESENT,47.06026,-1.65682,7415.0,2018-09-19,2018-09-19,1.0,44188,gbif_20260923T091718Z/page_year-2018_offset-000000.json
2510657771,Q04_incertitude_raisonnable,,a1077e55-120b-4c31-9a6b-ca7c210f5b04,Inventaire national Frelon (MNHN),CC_BY_4_0,SUBSPECIES,1311477,PRESENT,46.67507,-1.29764,70168.0,2018-09-26,2018-09-26,1.0,85046,gbif_20260923T091718Z/page_year-2018_offset-000000.json
2510654783,Q04_incertitude_raisonnable,,a1077e55-120b-4c31-9a6b-ca7c210f5b04,Inventaire national Frelon (MNHN),CC_BY_4_0,SUBSPECIES,1311477,PRESENT,47.06026,-1.65682,7415.0,2018-10-09,2018-10-09,1.0,44188,gbif_20260923T091718Z/page_year-2018_offset-000000.json
2510654991,Q04_incertitude_raisonnable,,a1077e55-120b-4c31-9a6b-ca7c210f5b04,Inventaire national Frelon (MNHN),CC_BY_4_0,SUBSPECIES,1311477,PRESENT,47.6893,-0.06468,6108.0,2018-10-03,2018-10-03,1.0,72154,gbif_20260923T091718Z/page_year-2018_offset-000000.json
2510655993,Q04_incertitude_raisonnable,,a1077e55-120b-4c31-9a6b-ca7c210f5b04,Inventaire national Frelon (MNHN),CC_BY_4_0,SUBSPECIES,1311477,PRESENT,47.06026,-1.65682,7415.0,2018-10-03,2018-10-03,1.0,44188,gbif_20260923T091718Z/page_year-2018_offset-000000.json
2510656025,Q04_incertitude_raisonnable,,a1077e55-120b-4c31-9a6b-ca7c210f5b04,Inventaire national Frelon (MNHN),CC_BY_4_0,SUBSPECIES,1311477,PRESENT,47.23204,-1.54822,6394.0,2018-10-17,2018-10-17,1.0,44109,gbif_20260923T091718Z/page_year-2018_offset-000000.json
2510656052,Q04_incertitude_raisonnable,,a1077e55-120b-4c31-9a6b-ca7c210f5b04,Inventaire national Frelon (MNHN),CC_BY_4_0,SUBSPECIES,1311477,PRESENT,47.23204,-1.54822,6394.0,2018-10-27,2018-10-27,1.0,44109,gbif_20260923T091718Z/page_year-2018_offset-000000.json
2510657784,Q04_incertitude_raisonnable,,a1077e55-120b-4c31-9a6b-ca7c210f5b04,Inventaire national Frelon (MNHN),CC_BY_4_0,SUBSPECIES,1311477,PRESENT,47.06026,-1.65682,7415.0,2018-10-24,2018-10-24,1.0,44188,gbif_20260923T091718Z/page_year-2018_offset-000000.json
2510658042,Q04_incertitude_raisonnable,,a1077e55-120b-4c31-9a6b-ca7c210f5b04,Inventaire national Frelon (MNHN),CC_BY_4_0,SUBSPECIES,1311477,PRESENT,47.03437,-1.9074,6288.0,2018-10-25,2018-10-25,1.0,44021,gbif_20260923T091718Z/page_year-2018_offset-000000.json
2510656690,Q04_incertitude_raisonnable,,a1077e55-120b-4c31-9a6b-ca7c210f5b04,Inventaire national Frelon (MNHN),CC_BY_4_0,SUBSPECIES,1311477,PRESENT,47.29093,-2.35321,5006.0,2018-11-02,2018-11-02,1.0,44055,gbif_20260923T091718Z/page_year-2018_offset-000000.json
2510657073,Q04_incertitude_raisonnable,,a1077e55-120b-4c31-9a6b-ca7c210f5b04,Inventaire national Frelon (MNHN),CC_BY_4_0,SUBSPECIES,1311477,PRESENT,46.67507,-1.29764,70168.0,2018-11-05,2018-11-05,1.0,85046,gbif_20260923T091718Z/page_year-2018_offset-000000.json
2510655862,Q04_incertitude_raisonnable,,a1077e55-120b-4c31-9a6b-ca7c210f5b04,Inventaire national Frelon (MNHN),CC_BY_4_0,SUBSPECIES,1311477,PRESENT,47.23204,-1.54822,6394.0,2019-03-31,2019-03-31,1.0,44109,gbif_20260923T091718Z/page_year-2019_offset-000000.json
2510655872,Q04_incertitude_raisonnable,,a1077e55-120b-4c31-9a6b-ca7c210f5b04,Inventaire national Frelon (MNHN),CC_BY_4_0,SUBSPECIES,1311477,PRESENT,47.43924,-1.0276,7853.0,2019-04-18,2019-04-18,1.0,44213,gbif_20260923T091718Z/page_year-2019_offset-000000.json
2510655877,Q04_incertitude_raisonnable,,a1077e55-120b-4c31-9a6b-ca7c210f5b04,Inventaire national Frelon (MNHN),CC_BY_4_0,SUBSPECIES,1311477,PRESENT,47.43924,-1.0276,7853.0,2019-04-20,2019-04-20,1.0,44213,gbif_20260923T091718Z/page_year-2019_offset-000000.json
2510656867,Q04_incertitude_raisonnable,,a1077e55-120b-4c31-9a6b-ca7c210f5b04,Inventaire national Frelon (MNHN),CC_BY_4_0,SUBSPECIES,1311477,PRESENT,47.55428,-0.2561,5708.0,2019-04-14,2019-04-14,1.0,49163,gbif_20260923T091718Z/page_year-2019_offset-000000.json
2510657861,Q04_incertitude_raisonnable,,a1077e55-120b-4c31-9a6b-ca7c210f5b04,Inventaire national Frelon (MNHN),CC_BY_4_0,SUBSPECIES,1311477,PRESENT,47.23204,-1.54822,6394.0,2019-04-02,2019-04-02,1.0,44109,gbif_20260923T091718Z/page_year-2019_offset-000000.json
4151822365,Q04_incertitude_raisonnable,,29a11a93-67c4-436b-bb40-f9702605cc07,Autre inventaire,CC_BY_4_0,SPECIES,1311477,PRESENT,48.4562,-0.19456,5590.0,2019-04-30,2019-04-30,1.0,53185,gbif_20260923T091718Z/page_year-2019_offset-000000.json
2510656892,Q04_incertitude_raisonnable,,a1077e55-120b-4c31-9a6b-ca7c210f5b04,Inventaire national Frelon (MNHN),CC_BY_4_0,SUBSPECIES,1311477,PRESENT,47.98867,0.20012,6039.0,2019-05-03,2019-05-03,1.0,72181,gbif_20260923T091718Z/page_year-2019_offset-000000.json
2510657886,Q04_incertitude_raisonnable,,a1077e55-120b-4c31-9a6b-ca7c210f5b04,Inventaire national Frelon (MNHN),CC_BY_4_0,SUBSPECIES,1311477,PRESENT,46.77027,-1.5049,6922.0,2019-05-01,2019-05-01,1.0,85178,gbif_20260923T091718Z/page_year-2019_offset-000000.json
4151818402,Q04_incertitude_raisonnable,,29a11a93-67c4-436b-bb40-f9702605cc07,Autre inventaire,CC_BY_4_0,SPECIES,1311477,PRESENT,48.4562,-0.19456,5590.0,2019-05-17,2019-05-17,1.0,53185,gbif_20260923T091718Z/page_year-2019_offset-000000.json
3991619581,Q04_incertitude_raisonnable,,a1077e55-120b-4c31-9a6b-ca7c210f5b04,Inventaire national Frelon (MNHN),CC_BY_4_0,SUBSPECIES,1311477,PRESENT,47.25851,-1.04265,12900.0,2019-06-30,2019-06-30,1.0,49218,gbif_20260923T091718Z/page_year-2019_offset-000000.json
4151809281,Q04_incertitude_raisonnable,,29a11a93-67c4-436b-bb40-f9702605cc07,Autre inventaire,CC_BY_4_0,SPECIES,1311477,PRESENT,48.4562,-0.19456,5590.0,2019-06-01,2019-06-01,1.0,53185,gbif_20260923T091718Z/page_year-2019_offset-000000.json
4151808343,Q04_incertitude_raisonnable,,29a11a93-67c4-436b-bb40-f9702605cc07,Autre inventaire,CC_BY_4_0,SPECIES,1311477,PRESENT,48.4562,-0.19456,5590.0,2019-07-13,2019-07-13,1.0,53185,gbif_20260923T091718Z/page_year-2019_offset-000000.json
4151814817,Q04_incertitude_raisonnable,,29a11a93-67c4-436b-bb40-f9702605cc07,Autre inventaire,CC_BY_4_0,SPECIES,1311477,PRESENT,48.4562,-0.19456,5590.0,2019-07-05,2019-07-05,1.0,53185,gbif_20260923T091718Z/page_year-2019_offset-000000.json
4151815067,Q04_incertitude_raisonnable,,29a11a93-67c4-436b-bb40-f9702605cc07,Autre inventaire,CC_BY_4_0,SPECIES,1311477,PRESENT,48.4562,-0.19456,5590.0,2019-07-03,2019-07-03,1.0,53185,gbif_20260923T091718Z/page_year-2019_offset-000000.json
3991619807,Q04_incertitude_raisonnable,,a1077e55-120b-4c31-9a6b-ca7c210f5b04,Inventaire national Frelon (MNHN),CC_BY_4_0,SUBSPECIES,1311477,PRESENT,46.80216,-2.0485,6571.0,2019-10-26,2019-10-26,1.0,85234,gbif_20260923T091718Z/page_year-2019_offset-000000.json
3991619765,Q04_incertitude_raisonnable,,a1077e55-120b-4c31-9a6b-ca7c210f5b04,Inventaire national Frelon (MNHN),CC_BY_4_0,SUBSPECIES,1311477,PRESENT,47.23204,-1.54822,6394.0,2020-03-25,2020-03-25,1.0,44109,gbif_20260923T091718Z/page_year-2020_offset-000000.json
3991619631,Q04_incertitude_raisonnable,,a1077e55-120b-4c31-9a6b-ca7c210f5b04,Inventaire national Frelon (MNHN),CC_BY_4_0,SUBSPECIES,1311477,PRESENT,47.23204,-1.54822,6394.0,2020-04-13,2020-04-13,1.0,44109,gbif_20260923T091718Z/page_year-2020_offset-000000.json
3991619831,Q04_incertitude_raisonnable,,a1077e55-120b-4c31-9a6b-ca7c210f5b04,Inventaire national Frelon (MNHN),CC_BY_4_0,SUBSPECIES,1311477,PRESENT,46.61806,-1.48075,5576.0,2020-04-26,2020-04-26,1.0,85008,gbif_20260923T091718Z/page_year-2020_offset-000000.json
3991619395,Q04_incertitude_raisonnable,,a1077e55-120b-4c31-9a6b-ca7c210f5b04,Inventaire national Frelon (MNHN),CC_BY_4_0,SUBSPECIES,1311477,PRESENT,47.28029,-2.25114,5375.0,2020-05-24,2020-05-24,1.0,44184,gbif_20260923T091718Z/page_year-2020_offset-000000.json
3491401842,Q04_incertitude_raisonnable,,7247dc2e-b862-4555-b533-7701d183271b,INPN Especes,CC_BY_4_0,SPECIES,1311477,PRESENT,47.33142,-2.41651,7600.0,2020-06-19,2020-06-19,1.0,44069,gbif_20260923T091718Z/page_year-2020_offset-000000.json
3854896357,Q04_incertitude_raisonnable,,8cd11846-261d-47e1-8053-01345f8ab102,Autre inventaire,CC_BY_4_0,SPECIES,1311477,PRESENT,47.04564,-0.87754,7434.0,2020-10-14,2020-10-14,1.0,49099,gbif_20260923T091718Z/page_year-2020_offset-000000.json
3330432996,Q04_incertitude_raisonnable,,50c9509d-22c7-4a22-a47d-8c48425ef4a7,iNaturalist,CC_BY_NC_4_0,SPECIES,1311477,PRESENT,47.299561,-1.550638,6243.0,2021-07-18,2021-07-18,1.0,44035,gbif_20260923T091718Z/page_year-2021_offset-000000.json
3854896417,Q04_incertitude_raisonnable,,8cd11846-261d-47e1-8053-01345f8ab102,Autre inventaire,CC_BY_4_0,SPECIES,1311477,PRESENT,47.04564,-0.87754,7434.0,2021-08-28,2021-08-28,1.0,49099,gbif_20260923T091718Z/page_year-2021_offset-000000.json
3854829373,Q04_incertitude_raisonnable,,f95e9a6b-65d1-4bd0-a72c-4009c0269e12,INPN Especes,CC_BY_4_0,SPECIES,1311477,PRESENT,47.23204,-1.54822,6394.0,2021-09-14,2021-09-14,1.0,44109,gbif_20260923T091718Z/page_year-2021_offset-000000.json
3881522775,Q04_incertitude_raisonnable,,50c9509d-22c7-4a22-a47d-8c48425ef4a7,iNaturalist,CC_BY_NC_4_0,SPECIES,1311477,PRESENT,47.55224,-0.491015,26839.0,2022-07-28,2022-07-28,1.0,49377,gbif_20260923T091718Z/page_year-2022_offset-000000.json
4049522647,Q02_dans_zone_etude,Q08_incertitude_connue,b127e9e0-dadc-4db3-93f1-a49b6069d696,INPN Especes,CC_BY_4_0,SPECIES,1311477,PRESENT,47.44655,-2.45545,,2022-07-04,2022-07-04,1.0,,gbif_20260923T091718Z/page_year-2022_offset-000000.json
3907555926,Q02_dans_zone_etude,,8a863029-f435-446a-821e-275f4f641165,Observation.org,CC_BY_NC_4_0,SPECIES,1311477,PRESENT,47.29993,-2.518241,47.0,2022-08-19,2022-08-19,1.0,,gbif_20260923T091718Z/page_year-2022_offset-000000.json
4056271519,Q02_dans_zone_etude,Q08_incertitude_connue,8a863029-f435-446a-821e-275f4f641165,Observation.org,CC_BY_NC_4_0,SPECIES,1311477,PRESENT,47.110994,-2.110514,,2022-10-18,2022-10-18,1.0,,gbif_20260923T091718Z/page_year-2022_offset-000000.json
4978446114,Q04_incertitude_raisonnable,,50c9509d-22c7-4a22-a47d-8c48425ef4a7,iNaturalist,CC_BY_NC_4_0,SUBSPECIES,1311477,PRESENT,47.168194,-1.473378,5185.0,2022-11-04,2022-11-04,1.0,44215,gbif_20260923T091718Z/page_year-2022_offset-000000.json
4978585983,Q04_incertitude_raisonnable,,50c9509d-22c7-4a22-a47d-8c48425ef4a7,iNaturalist,CC_BY_NC_4_0,SUBSPECIES,1311477,PRESENT,47.168194,-1.473378,5185.0,2023-07-17,2023-07-17,1.0,44215,gbif_20260923T091718Z/page_year-2023_offset-000000.json
4407252258,Q02_dans_zone_etude,,50c9509d-22c7-4a22-a47d-8c48425ef4a7,iNaturalist,CC_BY_NC_4_0,SPECIES,1311477,PRESENT,47.36853,-2.54777,4.0,2023-08-31,2023-08-31,1.0,,gbif_20260923T091718Z/page_year-2023_offset-000000.json
4923800752,Q02_dans_zone_etude,Q08_incertitude_connue,50c9509d-22c7-4a22-a47d-8c48425ef4a7,iNaturalist,CC_BY_4_0,SPECIES,1311477,PRESENT,47.097046,-2.062912,,2024-01-01,2024-01-01,1.0,,gbif_20260923T091718Z/page_year-2024_offset-000000.json
4935692836,Q04_incertitude_raisonnable,,50c9509d-22c7-4a22-a47d-8c48425ef4a7,iNaturalist,CC_BY_NC_4_0,SPECIES,1311477,PRESENT,47.439923,-0.452657,26839.0,2024-08-24,2024-08-24,1.0,49307,gbif_20260923T091718Z/page_year-2024_offset-000000.json
4956282620,Q02_dans_zone_etude,Q08_incertitude_connue,8a863029-f435-446a-821e-275f4f641165,Observation.org,CC_BY_NC_4_0,SUBSPECIES,1311477,PRESENT,47.258434,-2.431155,,2024-09-04,2024-09-04,1.0,,gbif_20260923T091718Z/page_year-2024_offset-000000.json
4978536830,Q04_incertitude_raisonnable,,50c9509d-22c7-4a22-a47d-8c48425ef4a7,iNaturalist,CC_BY_NC_4_0,SPECIES,1311477,PRESENT,47.447625,-0.548158,26839.0,2024-10-12,2024-10-12,1.0,49007,gbif_20260923T091718Z/page_year-2024_offset-000000.json
6400926513,Q04_incertitude_raisonnable,,50c9509d-22c7-4a22-a47d-8c48425ef4a7,iNaturalist,CC_BY_4_0,SPECIES,1311477,PRESENT,46.671401,-1.418075,9136.0,2025-07-05,2025-07-05,1.0,85191,gbif_20260923T091718Z/page_year-2025_offset-000000.json
5293220273,Q04_incertitude_raisonnable,,50c9509d-22c7-4a22-a47d-8c48425ef4a7,iNaturalist,CC_BY_NC_4_0,SPECIES,1311477,PRESENT,47.035149,-1.033648,26903.0,2025-08-06,2025-08-06,1.0,49301,gbif_20260923T091718Z/page_year-2025_offset-000000.json
5844047299,Q04_incertitude_raisonnable,,50c9509d-22c7-4a22-a47d-8c48425ef4a7,iNaturalist,CC_BY_NC_4_0,SUBSPECIES,1311477,PRESENT,47.22319,-1.54541,9580.0,2025-10-12,2025-10-12,1.0,44109,gbif_20260923T091718Z/page_year-2025_offset-000000.json
5844436438,Q04_incertitude_raisonnable,,50c9509d-22c7-4a22-a47d-8c48425ef4a7,iNaturalist,CC_BY_NC_4_0,SUBSPECIES,1311477,PRESENT,47.22319,-1.54541,9580.0,2025-10-12,2025-10-12,1.0,44109,gbif_20260923T091718Z/page_year-2025_offset-000000.json
5868326620,Q04_incertitude_raisonnable,,50c9509d-22c7-4a22-a47d-8c48425ef4a7,iNaturalist,CC0_1_0,SUBSPECIES,1311477,PRESENT,47.752675,0.569345,26807.0,2025-10-19,2025-10-19,1.0,72161,gbif_20260923T091718Z/page_year-2025_offset-000000.json
6352499353,Q04_incertitude_raisonnable,,50c9509d-22c7-4a22-a47d-8c48425ef4a7,iNaturalist,CC_BY_NC_4_0,SPECIES,1311477,PRESENT,47.386416,-2.184755,26871.0,2026-05-29,2026-05-29,1.0,44168,gbif_20260923T091718Z/page_year-2026_offset-000000.json
6441244780,Q04_incertitude_raisonnable,,50c9509d-22c7-4a22-a47d-8c48425ef4a7,iNaturalist,CC_BY_NC_4_0,SPECIES,1311477,PRESENT,47.472568,-1.759511,13962.0,2026-07-08,2026-07-08,1.0,44015,gbif_20260923T091718Z/page_year-2026_offset-000000.json
6499744488,Q04_incertitude_raisonnable,,50c9509d-22c7-4a22-a47d-8c48425ef4a7,iNaturalist,CC_BY_NC_4_0,SPECIES,1311477,PRESENT,46.679469,-1.688843,26967.0,2026-08-22,2026-08-22,1.0,85138,gbif_20260923T091718Z/page_year-2026_offset-000000.json
2493369684,Q03_date_valide,,7247dc2e-b862-4555-b533-7701d183271b,INPN Especes,CC_BY_4_0,SPECIES,1311477,PRESENT,48.38244,-0.26597,3670.0,,,,53085,gbif_20260923T091718Z/scan_all_offset-001500.json
3491347954,Q03_date_valide,,7247dc2e-b862-4555-b533-7701d183271b,INPN Especes,CC_BY_4_0,SPECIES,1311477,PRESENT,47.47665,-0.55622,4886.0,,,,49007,gbif_20260923T091718Z/scan_all_offset-001500.json
3491387874,Q03_date_valide,,7247dc2e-b862-4555-b533-7701d183271b,INPN Especes,CC_BY_4_0,SPECIES,1311477,PRESENT,47.80173,-0.23912,10.0,,,,72378,gbif_20260923T091718Z/scan_all_offset-001500.json
3491426740,Q03_date_valide,,7247dc2e-b862-4555-b533-7701d183271b,INPN Especes,CC_BY_4_0,SPECIES,1311477,PRESENT,47.27441,-1.62299,4022.0,,,,44114,gbif_20260923T091718Z/scan_all_offset-001500.json
3491426829,Q03_date_valide,,7247dc2e-b862-4555-b533-7701d183271b,INPN Especes,CC_BY_4_0,SPECIES,1311477,PRESENT,47.27441,-1.62299,4022.0,,,,44114,gbif_20260923T091718Z/scan_all_offset-001500.json
3491427475,Q03_date_valide,,7247dc2e-b862-4555-b533-7701d183271b,INPN Especes,CC_BY_4_0,SUBSPECIES,1311477,PRESENT,47.19853,-1.67116,1865.0,,,,44074,gbif_20260923T091718Z/scan_all_offset-001500.json
3491427731,Q03_date_valide;Q04_incertitude_raisonnable,,7247dc2e-b862-4555-b533-7701d183271b,INPN Especes,CC_BY_4_0,SPECIES,1311477,PRESENT,47.23204,-1.54822,6394.0,,,,44109,gbif_20260923T091718Z/scan_all_offset-001500.json
3491428690,Q03_date_valide,,7247dc2e-b862-4555-b533-7701d183271b,INPN Especes,CC_BY_4_0,SPECIES,1311477,PRESENT,47.27441,-1.62299,4022.0,,,,44114,gbif_20260923T091718Z/scan_all_offset-001500.json
3491430035,Q03_date_valide,,7247dc2e-b862-4555-b533-7701d183271b,INPN Especes,CC_BY_4_0,SPECIES,1311477,PRESENT,47.26146,-2.31457,2647.0,,,,44132,gbif_20260923T091718Z/scan_all_offset-001500.json
3491446566,Q03_date_valide,,7247dc2e-b862-4555-b533-7701d183271b,INPN Especes,CC_BY_4_0,SPECIES,1311477,PRESENT,47.27441,-1.62299,4022.0,,,,44114,gbif_20260923T091718Z/scan_all_offset-001500.json
3491494251,Q03_date_valide,,7247dc2e-b862-4555-b533-7701d183271b,INPN Especes,CC_BY_4_0,SPECIES,1311477,PRESENT,47.40427,-0.45624,10.0,,,,49167,gbif_20260923T091718Z/scan_all_offset-001500.json
3491499016,Q03_date_valide,,7247dc2e-b862-4555-b533-7701d183271b,INPN Especes,CC_BY_4_0,SPECIES,1311477,PRESENT,47.82537,0.28528,10.0,,,,72124,gbif_20260923T091718Z/scan_all_offset-001500.json
3491515136,Q03_date_valide,,7247dc2e-b862-4555-b533-7701d183271b,INPN Especes,CC_BY_4_0,SPECIES,1311477,PRESENT,46.35653,-1.43277,4786.0,,,,85294,gbif_20260923T091718Z/scan_all_offset-001500.json
3491548909,Q03_date_valide,,7247dc2e-b862-4555-b533-7701d183271b,INPN Especes,CC_BY_4_0,SPECIES,1311477,PRESENT,47.27441,-1.62299,4022.0,,,,44114,gbif_20260923T091718Z/scan_all_offset-001500.json
3491558487,Q03_date_valide,,7247dc2e-b862-4555-b533-7701d183271b,INPN Especes,CC_BY_4_0,SPECIES,1311477,PRESENT,47.27441,-1.62299,4022.0,,,,44114,gbif_20260923T091718Z/scan_all_offset-001500.json
3853419364,Q03_date_valide;Q04_incertitude_raisonnable,,b2b6eec2-bdec-4bc5-aaa6-82d7a6a89762,Autre inventaire,CC_BY_4_0,SPECIES,1311477,PRESENT,47.23204,-1.54822,6394.0,2018-06-26,2021-06-26,1097.0,44109,gbif_20260923T091718Z/scan_all_offset-001500.json
